{
  "USD/ILS": 3.667411,
  "EUR/GBP": 0.841901,
  "EUR/ILS": 4.016175,
  "EUR/USD": 1.095098,
  "GBP/ILS": 4.770367
}